TABLE UD- Livello 1 ;Liv 2;Liv 3;Liv 4;Liv 5;Liv 6;Liv 7;Liv 8;Liv 9;Liv 10;Columns;FK Name;R Table
ARO_UNITA_DOC;ARO_ARCHIV_SEC;;;;;;;;;ID_UNITA_DOC;FK_ARC_SEC_UNI_DOC;ARO_UNITA_DOC
;ARO_COMP_DOC;;;;;;;;;ID_UNITA_DOC_RIF;FK_COMP_DOC_UNI_DOC;ARO_UNITA_DOC
;;VOL_APPART_COMP_VOLUME;;;;;;;;ID_COMP_DOC;FK_APP_COMP_VOL_COMP_DOC;ARO_COMP_DOC
;;;VOL_APPART_FIRMA_VOLUME;;;;;;;ID_APPART_COMP_VOLUME;FK_APP_FIR_VOL_APP_FIL_VOL;VOL_APPART_COMP_VOLUME
;;;;VOL_VERIF_FIRMA_VOLUME;;;;;;ID_APPART_FIRMA_VOLUME;FK_VER_FIR_VOL_APP_FIR_VOL;VOL_APPART_FIRMA_VOLUME
;;;;;VOL_CONTR_VERIF_FIRMA_VOLUME;;;;;ID_VERIF_FIRMA_VOLUME;FK_CTR_VER_FIR_VOL_VER_FIR_VOL;VOL_VERIF_FIRMA_VOLUME
;;ARO_BUSTA_CRITTOG;;;;;;;;ID_COMP_DOC;FK_BUSTA_CRIT_COMP_DOC;ARO_COMP_DOC
;;;ARO_FIRMA_COMP;;;;;;;ID_BUSTA_CRITTOG;FK_FIR_COMP_BUSTA_CRIT;ARO_BUSTA_CRITTOG
;;;;VOL_APPART_FIRMA_VOLUME;;;;;;ID_FIRMA_COMP;FK_APP_FIR_VOL_FIR_FIL;ARO_FIRMA_COMP
;;;;;VOL_VERIF_FIRMA_VOLUME;;;;;ID_APPART_FIRMA_VOLUME;FK_VER_FIR_VOL_APP_FIR_VOL;VOL_APPART_FIRMA_VOLUME
;;;;;;VOL_CONTR_VERIF_FIRMA_VOLUME;;;;ID_VERIF_FIRMA_VOLUME;FK_CTR_VER_FIR_VOL_VER_FIR_VOL;VOL_VERIF_FIRMA_VOLUME
;;;;ARO_CONTROFIRMA_FIRMA;;;;;;ID_FIRMA_FIGLIO;FK_CONTFIR_FIR_FIGLIO;ARO_FIRMA_COMP
;;;;ARO_CONTROFIRMA_FIRMA;;;;;;ID_FIRMA_PADRE;FK_CONTFIR_FIR_PADRE;ARO_FIRMA_COMP
;;;;ARO_CONTR_FIRMA_COMP;;;;;;ID_FIRMA_COMP;FK_CTR_FIR_COMP_FIR_COMP;ARO_FIRMA_COMP
;;;;;ARO_USO_CERTIF_CA_CONTR_COMP;;;;;ID_CONTR_FIRMA_COMP;FK_CA_CTR_CTR_FIR_COMP;ARO_CONTR_FIRMA_COMP
;;;;ARO_VERIF_FIRMA_DT_VERS;;;;;;ID_FIRMA_COMP;FK_VER_FIR_DTVERS_FIR_COMP;ARO_FIRMA_COMP
;;;;;ARO_CONTR_VERIF_FIRMA_DT_VERS;;;;;ID_VERIF_FIRMA_DT_VERS;FK_CTR_VER_FIR_DTVERS;ARO_VERIF_FIRMA_DT_VERS
;;;ARO_MARCA_COMP;;;;;;;ID_BUSTA_CRITTOG;FK_MRK_COMP_BUSTA_CRIT;ARO_BUSTA_CRITTOG
;;;;ARO_CONTR_MARCA_COMP;;;;;;ID_MARCA_COMP;FK_CTR_MRK_COMP_MRK_COMP;ARO_MARCA_COMP
;;;;;ARO_USO_CERTIF_CA_CONTR_MARCA;;;;;ID_CONTR_MARCA_COMP;FK_CA_CTR_MRK_CTR_MRK_COMP;ARO_CONTR_MARCA_COMP
;;;;ARO_FIRMA_COMP;;;;;;ID_MARCA_COMP;FK_FIR_COMP_MRK_COMP;ARO_MARCA_COMP
;;;;;VOL_APPART_FIRMA_VOLUME;;;;;ID_FIRMA_COMP;FK_APP_FIR_VOL_FIR_FIL;ARO_FIRMA_COMP
;;;;;;VOL_VERIF_FIRMA_VOLUME;;;;ID_APPART_FIRMA_VOLUME;FK_VER_FIR_VOL_APP_FIR_VOL;VOL_APPART_FIRMA_VOLUME
;;;;;;;VOL_CONTR_VERIF_FIRMA_VOLUME;;;ID_VERIF_FIRMA_VOLUME;FK_CTR_VER_FIR_VOL_VER_FIR_VOL;VOL_VERIF_FIRMA_VOLUME
;;;;;ARO_CONTROFIRMA_FIRMA;;;;;ID_FIRMA_FIGLIO;FK_CONTFIR_FIR_FIGLIO;ARO_FIRMA_COMP
;;;;;ARO_CONTROFIRMA_FIRMA;;;;;ID_FIRMA_PADRE;FK_CONTFIR_FIR_PADRE;ARO_FIRMA_COMP
;;;;;ARO_CONTR_FIRMA_COMP;;;;;ID_FIRMA_COMP;FK_CTR_FIR_COMP_FIR_COMP;ARO_FIRMA_COMP
;;;;;;ARO_USO_CERTIF_CA_CONTR_COMP;;;;ID_CONTR_FIRMA_COMP;FK_CA_CTR_CTR_FIR_COMP;ARO_CONTR_FIRMA_COMP
;;;;;ARO_VERIF_FIRMA_DT_VERS;;;;;ID_FIRMA_COMP;FK_VER_FIR_DTVERS_FIR_COMP;ARO_FIRMA_COMP
;;;;;;ARO_CONTR_VERIF_FIRMA_DT_VERS;;;;ID_VERIF_FIRMA_DT_VERS;FK_CTR_VER_FIR_DTVERS;ARO_VERIF_FIRMA_DT_VERS
;;ARO_COMP_DOC;;;;;;;;ID_COMP_DOC_PADRE;FK_COMP_DOC_COMP_PADRE;ARO_COMP_DOC
;;ARO_COMP_HASH_CALC;;;;;;;;ID_COMP_DOC;FK_COMP_HASH_CALC_COMP_DOC;ARO_COMP_DOC
;;ARO_COMP_INDICE_AIP_DA_ELAB;;;;;;;;ID_COMP_DOC;FK_COMP_IX_AIP_DA_ELAB_COMP;ARO_COMP_DOC
;;ARO_COMP_OBJECT_STORAGE;;;;;;;;ID_COMP_DOC;FK_COMP_OBJ_STO_COMP_DOC;ARO_COMP_DOC
;;ARO_COMP_URN_CALC;;;;;;;;ID_COMP_DOC;FK_COMP_URN_CALC_COMP_DOC;ARO_COMP_DOC
;;ARO_COMP_VER_INDICE_AIP_UD;;;;;;;;ID_COMP_DOC;FK_COMP_VER_IX_AIP_UD_COMP;ARO_COMP_DOC
;;ARO_FIRMA_COMP;;;;;;;;ID_COMP_DOC;FK_FIR_COMP_COMP_DOC;ARO_COMP_DOC
;;;VOL_APPART_FIRMA_VOLUME;;;;;;;ID_FIRMA_COMP;FK_APP_FIR_VOL_FIR_FIL;ARO_FIRMA_COMP
;;;;VOL_VERIF_FIRMA_VOLUME;;;;;;ID_APPART_FIRMA_VOLUME;FK_VER_FIR_VOL_APP_FIR_VOL;VOL_APPART_FIRMA_VOLUME
;;;;;VOL_CONTR_VERIF_FIRMA_VOLUME;;;;;ID_VERIF_FIRMA_VOLUME;FK_CTR_VER_FIR_VOL_VER_FIR_VOL;VOL_VERIF_FIRMA_VOLUME
;;;ARO_CONTROFIRMA_FIRMA;;;;;;;ID_FIRMA_FIGLIO;FK_CONTFIR_FIR_FIGLIO;ARO_FIRMA_COMP
;;;ARO_CONTROFIRMA_FIRMA;;;;;;;ID_FIRMA_PADRE;FK_CONTFIR_FIR_PADRE;ARO_FIRMA_COMP
;;;ARO_CONTR_FIRMA_COMP;;;;;;;ID_FIRMA_COMP;FK_CTR_FIR_COMP_FIR_COMP;ARO_FIRMA_COMP
;;;;ARO_USO_CERTIF_CA_CONTR_COMP;;;;;;ID_CONTR_FIRMA_COMP;FK_CA_CTR_CTR_FIR_COMP;ARO_CONTR_FIRMA_COMP
;;;ARO_VERIF_FIRMA_DT_VERS;;;;;;;ID_FIRMA_COMP;FK_VER_FIR_DTVERS_FIR_COMP;ARO_FIRMA_COMP
;;;;ARO_CONTR_VERIF_FIRMA_DT_VERS;;;;;;ID_VERIF_FIRMA_DT_VERS;FK_CTR_VER_FIR_DTVERS;ARO_VERIF_FIRMA_DT_VERS
;;FIR_REPORT;;;;;;;;ID_COMP_DOC;FK_FIRREPORT_COMP_DOC;ARO_COMP_DOC
;;;FIR_URN_REPORT;;;;;;;ID_REPORT;FK_URN_REPORT;FIR_REPORT
;;ARO_MARCA_COMP;;;;;;;;ID_COMP_DOC;FK_MRK_COMP_COMP_DOC;ARO_COMP_DOC
;;;ARO_CONTR_MARCA_COMP;;;;;;;ID_MARCA_COMP;FK_CTR_MRK_COMP_MRK_COMP;ARO_MARCA_COMP
;;;;ARO_USO_CERTIF_CA_CONTR_MARCA;;;;;;ID_CONTR_MARCA_COMP;FK_CA_CTR_MRK_CTR_MRK_COMP;ARO_CONTR_MARCA_COMP
;;;ARO_FIRMA_COMP;;;;;;;ID_MARCA_COMP;FK_FIR_COMP_MRK_COMP;ARO_MARCA_COMP
;;;;VOL_APPART_FIRMA_VOLUME;;;;;;ID_FIRMA_COMP;FK_APP_FIR_VOL_FIR_FIL;ARO_FIRMA_COMP
;;;;;VOL_VERIF_FIRMA_VOLUME;;;;;ID_APPART_FIRMA_VOLUME;FK_VER_FIR_VOL_APP_FIR_VOL;VOL_APPART_FIRMA_VOLUME
;;;;;;VOL_CONTR_VERIF_FIRMA_VOLUME;;;;ID_VERIF_FIRMA_VOLUME;FK_CTR_VER_FIR_VOL_VER_FIR_VOL;VOL_VERIF_FIRMA_VOLUME
;;;;ARO_CONTROFIRMA_FIRMA;;;;;;ID_FIRMA_FIGLIO;FK_CONTFIR_FIR_FIGLIO;ARO_FIRMA_COMP
;;;;ARO_CONTROFIRMA_FIRMA;;;;;;ID_FIRMA_PADRE;FK_CONTFIR_FIR_PADRE;ARO_FIRMA_COMP
;;;;ARO_CONTR_FIRMA_COMP;;;;;;ID_FIRMA_COMP;FK_CTR_FIR_COMP_FIR_COMP;ARO_FIRMA_COMP
;;;;;ARO_USO_CERTIF_CA_CONTR_COMP;;;;;ID_CONTR_FIRMA_COMP;FK_CA_CTR_CTR_FIR_COMP;ARO_CONTR_FIRMA_COMP
;;;;ARO_VERIF_FIRMA_DT_VERS;;;;;;ID_FIRMA_COMP;FK_VER_FIR_DTVERS_FIR_COMP;ARO_FIRMA_COMP
;;;;;ARO_CONTR_VERIF_FIRMA_DT_VERS;;;;;ID_VERIF_FIRMA_DT_VERS;FK_CTR_VER_FIR_DTVERS;ARO_VERIF_FIRMA_DT_VERS
;;REC_SESSIONE_RECUP;;;;;;;;ID_COMP_DOC;FK_SES_REC_COMP_DOC;ARO_COMP_DOC
;;;REC_DT_VERS_RECUP;;;;;;;ID_SESSIONE_RECUP;FK_DT_VERS_REC_SES_REC;REC_SESSIONE_RECUP
;;;SEQ_UD_APPART_SEQUESTRO;;;;;;;ID_SESSIONE_RECUP;FK_UD_APP_SEQ_SES_REC;REC_SESSIONE_RECUP
;;ARO_UPD_COMP_UNITA_DOC;;;;;;;;ID_COMP_DOC;FK_UPD_COMP_UD_COMP;ARO_COMP_DOC
;;;ARO_UPD_DATI_SPEC_UNITA_DOC;;;;;;;ID_UPD_COMP_UNITA_DOC;FK_UPD_DATI_SPEC_UPD_COMP_UD;ARO_UPD_COMP_UNITA_DOC
;;ARO_USO_XSD_DATI_SPEC;;;;;;;;ID_COMP_DOC;FK_USO_XSD_DATI_SPEC_COMP_DOC;ARO_COMP_DOC
;;;ARO_VALORE_ATTRIB_DATI_SPEC;;;;;;;ID_USO_XSD_DATI_SPEC;FK_VL_DATI_SPEC_USO_XSD;ARO_USO_XSD_DATI_SPEC
;;ARO_VERS_INI_COMP;;;;;;;;ID_COMP_DOC;FK_VERS_INI_COMP;ARO_COMP_DOC
;ARO_DOC;;;;;;;;;ID_UNITA_DOC;FK_DOC_UNI_DOC;ARO_UNITA_DOC
;;VOL_APPART_DOC_VOLUME;;;;;;;;ID_DOC;FK_APP_DOC_VOL_DOC;ARO_DOC
;;;VOL_APPART_COMP_VOLUME;;;;;;;ID_APPART_DOC_VOLUME;FK_APP_COMP_VOL_APP_DOC_VOL;VOL_APPART_DOC_VOLUME
;;;;VOL_APPART_FIRMA_VOLUME;;;;;;ID_APPART_COMP_VOLUME;FK_APP_FIR_VOL_APP_FIL_VOL;VOL_APPART_COMP_VOLUME
;;;;;VOL_VERIF_FIRMA_VOLUME;;;;;ID_APPART_FIRMA_VOLUME;FK_VER_FIR_VOL_APP_FIR_VOL;VOL_APPART_FIRMA_VOLUME
;;;;;;VOL_CONTR_VERIF_FIRMA_VOLUME;;;;ID_VERIF_FIRMA_VOLUME;FK_CTR_VER_FIR_VOL_VER_FIR_VOL;VOL_VERIF_FIRMA_VOLUME
;;ARO_WARN_UNITA_DOC;;;;;;;;ID_DOC;FK_ARO_WARN_DOC;ARO_DOC
;;ELV_DOC_AGG_DA_ELAB_ELENCO;;;;;;;;ID_DOC;FK_DOC_AGG_DAELB_ELE_DOC;ARO_DOC
;;TMP_ARO_DOC_ANNUL_DA_ELAB;;;;;;;;ID_DOC;FK_DOC_ANNUL_DA_ELAB_DOC;ARO_DOC
;;REC_SESSIONE_RECUP;;;;;;;;ID_DOC;FK_SES_REC_DOC;ARO_DOC
;;;REC_DT_VERS_RECUP;;;;;;;ID_SESSIONE_RECUP;FK_DT_VERS_REC_SES_REC;REC_SESSIONE_RECUP
;;;SEQ_UD_APPART_SEQUESTRO;;;;;;;ID_SESSIONE_RECUP;FK_UD_APP_SEQ_SES_REC;REC_SESSIONE_RECUP
;;VRS_SESSIONE_VERS;;;;;;;;ID_DOC;FK_SES_VRS_DOC;ARO_DOC
;;;VRS_DATI_SESSIONE_VERS;;;;;;;ID_SESSIONE_VERS;FK_DAT_SES_VRS_SES_VRS;VRS_SESSIONE_VERS
;;;;VRS_XML_DATI_SES_OBJECT_STORAGE;;;;;;ID_DATI_SESSIONE_VERS;FK_DAT_SES_VRS_XML_DATI_SES_OBJ_STO;VRS_DATI_SESSIONE_VERS
;;;;VRS_ERR_SESSIONE_VERS;;;;;;ID_DATI_SESSIONE_VERS;FK_ERR_SES_VRS_DAT_SES_VRS;VRS_DATI_SESSIONE_VERS
;;;;VRS_FILE_SESSIONE_DA_DROPPARE;;;;;;ID_DATI_SESSIONE_VERS;FK_FIL_SES_DAT_SES_VRS;VRS_DATI_SESSIONE_VERS
;;;;;VRS_FILE_SES_OBJECT_STORAGE;;;;;ID_FILE_SESSIONE;FK_SES_OBJ_STO_FILE_SES;VRS_FILE_SESSIONE_DA_DROPPARE
;;;;VRS_XML_MODELLO_SESSIONE_VERS;;;;;;ID_DATI_SESSIONE_VERS;FK_VRS_XML_DAT_SES_VRS;VRS_DATI_SESSIONE_VERS
;;;;VRS_XML_DATI_SESSIONE_VERS;;;;;;ID_DATI_SESSIONE_VERS;FK_XML_DAT_SES_VRS;VRS_DATI_SESSIONE_VERS
;;;;;VRS_URN_XML_SESSIONE_VERS;;;;;ID_XML_DATI_SESSIONE_VERS;FK_URN_XML_SES_VRS;VRS_XML_DATI_SESSIONE_VERS
;;;VRS_SESSIONE_VERS_SOSP_DA_DROPPARE;;;;;;;ID_SESSIONE_VERS;FK_SES_VRS_SOSP_SES_VRS;VRS_SESSIONE_VERS
;;VRS_SESSIONE_VERS_KO;;;;;;;;ID_DOC;FK_SES_VRS_DOC_KO;ARO_DOC
;;;VRS_DATI_SESSIONE_VERS_KO;;;;;;;ID_SESSIONE_VERS_KO;FK_SESSIONE_VERS_KO;VRS_SESSIONE_VERS_KO
;;;;VRS_XML_DATI_SES_OBJECT_STORAGE_KO;;;;;;ID_DATI_SESSIONE_VERS_KO;FK_DAT_SES_VRS_XML_DATI_SES_OBJ_STO_KO;VRS_DATI_SESSIONE_VERS_KO
;;;;VRS_FILE_SESSIONE_KO;;;;;;ID_DATI_SESSIONE_VERS_KO;FK_ID_DATI_SESSIONE_VERS_KO;VRS_DATI_SESSIONE_VERS_KO
;;;;;VRS_CONTENUTO_FILE_KO;;;;;ID_FILE_SESSIONE_KO;FK_CONTENUTO_FILE_VRS_KO;VRS_FILE_SESSIONE_KO
;;;;;VRS_FILE_SES_OBJECT_STORAGE_KO;;;;;ID_FILE_SESSIONE_KO;FK_FILE_OBJ_STO_VRS_KO;VRS_FILE_SESSIONE_KO
;;;;VRS_ERR_SESSIONE_VERS_KO;;;;;;ID_DATI_SESSIONE_VERS_KO;FK_VRS_ERR_SESSIONE_VERS_KO;VRS_DATI_SESSIONE_VERS_KO
;;;;VRS_XML_DATI_SESSIONE_VERS_KO;;;;;;ID_DATI_SESSIONE_VERS_KO;FK_VRS_XML_DATI_SESSIONE_VERS_KO;VRS_DATI_SESSIONE_VERS_KO
;;;;;VRS_URN_XML_SESSIONE_VERS_KO;;;;;ID_XML_DATI_SESSIONE_VERS_KO;FK_URN_XML_SES_VRS_KO;VRS_XML_DATI_SESSIONE_VERS_KO
;;ARO_STRUT_DOC;;;;;;;;ID_DOC;FK_STRUT_DOC_DOC;ARO_DOC
;;;ARO_COMP_DOC;;;;;;;ID_STRUT_DOC;FK_COMP_DOC_STRUT_DOC;ARO_STRUT_DOC
;;;;VOL_APPART_COMP_VOLUME;;;;;;ID_COMP_DOC;FK_APP_COMP_VOL_COMP_DOC;ARO_COMP_DOC
;;;;;VOL_APPART_FIRMA_VOLUME;;;;;ID_APPART_COMP_VOLUME;FK_APP_FIR_VOL_APP_FIL_VOL;VOL_APPART_COMP_VOLUME
;;;;;;VOL_VERIF_FIRMA_VOLUME;;;;ID_APPART_FIRMA_VOLUME;FK_VER_FIR_VOL_APP_FIR_VOL;VOL_APPART_FIRMA_VOLUME
;;;;;;;VOL_CONTR_VERIF_FIRMA_VOLUME;;;ID_VERIF_FIRMA_VOLUME;FK_CTR_VER_FIR_VOL_VER_FIR_VOL;VOL_VERIF_FIRMA_VOLUME
;;;;ARO_BUSTA_CRITTOG;;;;;;ID_COMP_DOC;FK_BUSTA_CRIT_COMP_DOC;ARO_COMP_DOC
;;;;;ARO_FIRMA_COMP;;;;;ID_BUSTA_CRITTOG;FK_FIR_COMP_BUSTA_CRIT;ARO_BUSTA_CRITTOG
;;;;;;VOL_APPART_FIRMA_VOLUME;;;;ID_FIRMA_COMP;FK_APP_FIR_VOL_FIR_FIL;ARO_FIRMA_COMP
;;;;;;;VOL_VERIF_FIRMA_VOLUME;;;ID_APPART_FIRMA_VOLUME;FK_VER_FIR_VOL_APP_FIR_VOL;VOL_APPART_FIRMA_VOLUME
;;;;;;;;VOL_CONTR_VERIF_FIRMA_VOLUME;;ID_VERIF_FIRMA_VOLUME;FK_CTR_VER_FIR_VOL_VER_FIR_VOL;VOL_VERIF_FIRMA_VOLUME
;;;;;;ARO_CONTROFIRMA_FIRMA;;;;ID_FIRMA_FIGLIO;FK_CONTFIR_FIR_FIGLIO;ARO_FIRMA_COMP
;;;;;;ARO_CONTROFIRMA_FIRMA;;;;ID_FIRMA_PADRE;FK_CONTFIR_FIR_PADRE;ARO_FIRMA_COMP
;;;;;;ARO_CONTR_FIRMA_COMP;;;;ID_FIRMA_COMP;FK_CTR_FIR_COMP_FIR_COMP;ARO_FIRMA_COMP
;;;;;;;ARO_USO_CERTIF_CA_CONTR_COMP;;;ID_CONTR_FIRMA_COMP;FK_CA_CTR_CTR_FIR_COMP;ARO_CONTR_FIRMA_COMP
;;;;;;ARO_VERIF_FIRMA_DT_VERS;;;;ID_FIRMA_COMP;FK_VER_FIR_DTVERS_FIR_COMP;ARO_FIRMA_COMP
;;;;;;;ARO_CONTR_VERIF_FIRMA_DT_VERS;;;ID_VERIF_FIRMA_DT_VERS;FK_CTR_VER_FIR_DTVERS;ARO_VERIF_FIRMA_DT_VERS
;;;;;ARO_MARCA_COMP;;;;;ID_BUSTA_CRITTOG;FK_MRK_COMP_BUSTA_CRIT;ARO_BUSTA_CRITTOG
;;;;;;ARO_CONTR_MARCA_COMP;;;;ID_MARCA_COMP;FK_CTR_MRK_COMP_MRK_COMP;ARO_MARCA_COMP
;;;;;;;ARO_USO_CERTIF_CA_CONTR_MARCA;;;ID_CONTR_MARCA_COMP;FK_CA_CTR_MRK_CTR_MRK_COMP;ARO_CONTR_MARCA_COMP
;;;;;;ARO_FIRMA_COMP;;;;ID_MARCA_COMP;FK_FIR_COMP_MRK_COMP;ARO_MARCA_COMP
;;;;;;;VOL_APPART_FIRMA_VOLUME;;;ID_FIRMA_COMP;FK_APP_FIR_VOL_FIR_FIL;ARO_FIRMA_COMP
;;;;;;;;VOL_VERIF_FIRMA_VOLUME;;ID_APPART_FIRMA_VOLUME;FK_VER_FIR_VOL_APP_FIR_VOL;VOL_APPART_FIRMA_VOLUME
;;;;;;;;;VOL_CONTR_VERIF_FIRMA_VOLUME;ID_VERIF_FIRMA_VOLUME;FK_CTR_VER_FIR_VOL_VER_FIR_VOL;VOL_VERIF_FIRMA_VOLUME
;;;;;;;ARO_CONTROFIRMA_FIRMA;;;ID_FIRMA_FIGLIO;FK_CONTFIR_FIR_FIGLIO;ARO_FIRMA_COMP
;;;;;;;ARO_CONTROFIRMA_FIRMA;;;ID_FIRMA_PADRE;FK_CONTFIR_FIR_PADRE;ARO_FIRMA_COMP
;;;;;;;ARO_CONTR_FIRMA_COMP;;;ID_FIRMA_COMP;FK_CTR_FIR_COMP_FIR_COMP;ARO_FIRMA_COMP
;;;;;;;;ARO_USO_CERTIF_CA_CONTR_COMP;;ID_CONTR_FIRMA_COMP;FK_CA_CTR_CTR_FIR_COMP;ARO_CONTR_FIRMA_COMP
;;;;;;;ARO_VERIF_FIRMA_DT_VERS;;;ID_FIRMA_COMP;FK_VER_FIR_DTVERS_FIR_COMP;ARO_FIRMA_COMP
;;;;;;;;ARO_CONTR_VERIF_FIRMA_DT_VERS;;ID_VERIF_FIRMA_DT_VERS;FK_CTR_VER_FIR_DTVERS;ARO_VERIF_FIRMA_DT_VERS
;;;;ARO_COMP_DOC;;;;;;ID_COMP_DOC_PADRE;FK_COMP_DOC_COMP_PADRE;ARO_COMP_DOC
;;;;ARO_COMP_HASH_CALC;;;;;;ID_COMP_DOC;FK_COMP_HASH_CALC_COMP_DOC;ARO_COMP_DOC
;;;;ARO_COMP_INDICE_AIP_DA_ELAB;;;;;;ID_COMP_DOC;FK_COMP_IX_AIP_DA_ELAB_COMP;ARO_COMP_DOC
;;;;ARO_COMP_OBJECT_STORAGE;;;;;;ID_COMP_DOC;FK_COMP_OBJ_STO_COMP_DOC;ARO_COMP_DOC
;;;;ARO_COMP_URN_CALC;;;;;;ID_COMP_DOC;FK_COMP_URN_CALC_COMP_DOC;ARO_COMP_DOC
;;;;ARO_COMP_VER_INDICE_AIP_UD;;;;;;ID_COMP_DOC;FK_COMP_VER_IX_AIP_UD_COMP;ARO_COMP_DOC
;;;;ARO_FIRMA_COMP;;;;;;ID_COMP_DOC;FK_FIR_COMP_COMP_DOC;ARO_COMP_DOC
;;;;;VOL_APPART_FIRMA_VOLUME;;;;;ID_FIRMA_COMP;FK_APP_FIR_VOL_FIR_FIL;ARO_FIRMA_COMP
;;;;;;VOL_VERIF_FIRMA_VOLUME;;;;ID_APPART_FIRMA_VOLUME;FK_VER_FIR_VOL_APP_FIR_VOL;VOL_APPART_FIRMA_VOLUME
;;;;;;;VOL_CONTR_VERIF_FIRMA_VOLUME;;;ID_VERIF_FIRMA_VOLUME;FK_CTR_VER_FIR_VOL_VER_FIR_VOL;VOL_VERIF_FIRMA_VOLUME
;;;;;ARO_CONTROFIRMA_FIRMA;;;;;ID_FIRMA_FIGLIO;FK_CONTFIR_FIR_FIGLIO;ARO_FIRMA_COMP
;;;;;ARO_CONTROFIRMA_FIRMA;;;;;ID_FIRMA_PADRE;FK_CONTFIR_FIR_PADRE;ARO_FIRMA_COMP
;;;;;ARO_CONTR_FIRMA_COMP;;;;;ID_FIRMA_COMP;FK_CTR_FIR_COMP_FIR_COMP;ARO_FIRMA_COMP
;;;;;;ARO_USO_CERTIF_CA_CONTR_COMP;;;;ID_CONTR_FIRMA_COMP;FK_CA_CTR_CTR_FIR_COMP;ARO_CONTR_FIRMA_COMP
;;;;;ARO_VERIF_FIRMA_DT_VERS;;;;;ID_FIRMA_COMP;FK_VER_FIR_DTVERS_FIR_COMP;ARO_FIRMA_COMP
;;;;;;ARO_CONTR_VERIF_FIRMA_DT_VERS;;;;ID_VERIF_FIRMA_DT_VERS;FK_CTR_VER_FIR_DTVERS;ARO_VERIF_FIRMA_DT_VERS
;;;;FIR_REPORT;;;;;;ID_COMP_DOC;FK_FIRREPORT_COMP_DOC;ARO_COMP_DOC
;;;;;FIR_URN_REPORT;;;;;ID_REPORT;FK_URN_REPORT;FIR_REPORT
;;;;ARO_MARCA_COMP;;;;;;ID_COMP_DOC;FK_MRK_COMP_COMP_DOC;ARO_COMP_DOC
;;;;;ARO_CONTR_MARCA_COMP;;;;;ID_MARCA_COMP;FK_CTR_MRK_COMP_MRK_COMP;ARO_MARCA_COMP
;;;;;;ARO_USO_CERTIF_CA_CONTR_MARCA;;;;ID_CONTR_MARCA_COMP;FK_CA_CTR_MRK_CTR_MRK_COMP;ARO_CONTR_MARCA_COMP
;;;;;ARO_FIRMA_COMP;;;;;ID_MARCA_COMP;FK_FIR_COMP_MRK_COMP;ARO_MARCA_COMP
;;;;;;VOL_APPART_FIRMA_VOLUME;;;;ID_FIRMA_COMP;FK_APP_FIR_VOL_FIR_FIL;ARO_FIRMA_COMP
;;;;;;;VOL_VERIF_FIRMA_VOLUME;;;ID_APPART_FIRMA_VOLUME;FK_VER_FIR_VOL_APP_FIR_VOL;VOL_APPART_FIRMA_VOLUME
;;;;;;;;VOL_CONTR_VERIF_FIRMA_VOLUME;;ID_VERIF_FIRMA_VOLUME;FK_CTR_VER_FIR_VOL_VER_FIR_VOL;VOL_VERIF_FIRMA_VOLUME
;;;;;;ARO_CONTROFIRMA_FIRMA;;;;ID_FIRMA_FIGLIO;FK_CONTFIR_FIR_FIGLIO;ARO_FIRMA_COMP
;;;;;;ARO_CONTROFIRMA_FIRMA;;;;ID_FIRMA_PADRE;FK_CONTFIR_FIR_PADRE;ARO_FIRMA_COMP
;;;;;;ARO_CONTR_FIRMA_COMP;;;;ID_FIRMA_COMP;FK_CTR_FIR_COMP_FIR_COMP;ARO_FIRMA_COMP
;;;;;;;ARO_USO_CERTIF_CA_CONTR_COMP;;;ID_CONTR_FIRMA_COMP;FK_CA_CTR_CTR_FIR_COMP;ARO_CONTR_FIRMA_COMP
;;;;;;ARO_VERIF_FIRMA_DT_VERS;;;;ID_FIRMA_COMP;FK_VER_FIR_DTVERS_FIR_COMP;ARO_FIRMA_COMP
;;;;;;;ARO_CONTR_VERIF_FIRMA_DT_VERS;;;ID_VERIF_FIRMA_DT_VERS;FK_CTR_VER_FIR_DTVERS;ARO_VERIF_FIRMA_DT_VERS
;;;;REC_SESSIONE_RECUP;;;;;;ID_COMP_DOC;FK_SES_REC_COMP_DOC;ARO_COMP_DOC
;;;;;REC_DT_VERS_RECUP;;;;;ID_SESSIONE_RECUP;FK_DT_VERS_REC_SES_REC;REC_SESSIONE_RECUP
;;;;;SEQ_UD_APPART_SEQUESTRO;;;;;ID_SESSIONE_RECUP;FK_UD_APP_SEQ_SES_REC;REC_SESSIONE_RECUP
;;;;ARO_UPD_COMP_UNITA_DOC;;;;;;ID_COMP_DOC;FK_UPD_COMP_UD_COMP;ARO_COMP_DOC
;;;;;ARO_UPD_DATI_SPEC_UNITA_DOC;;;;;ID_UPD_COMP_UNITA_DOC;FK_UPD_DATI_SPEC_UPD_COMP_UD;ARO_UPD_COMP_UNITA_DOC
;;;;ARO_USO_XSD_DATI_SPEC;;;;;;ID_COMP_DOC;FK_USO_XSD_DATI_SPEC_COMP_DOC;ARO_COMP_DOC
;;;;;ARO_VALORE_ATTRIB_DATI_SPEC;;;;;ID_USO_XSD_DATI_SPEC;FK_VL_DATI_SPEC_USO_XSD;ARO_USO_XSD_DATI_SPEC
;;;;ARO_VERS_INI_COMP;;;;;;ID_COMP_DOC;FK_VERS_INI_COMP;ARO_COMP_DOC
;;ARO_UPD_DOC_UNITA_DOC;;;;;;;;ID_DOC;FK_UPD_DOC_UD_DOC;ARO_DOC
;;;ARO_UPD_COMP_UNITA_DOC;;;;;;;ID_UPD_DOC_UNITA_DOC;FK_UPD_COMP_UPD_DOC_UD;ARO_UPD_DOC_UNITA_DOC
;;;;ARO_UPD_DATI_SPEC_UNITA_DOC;;;;;;ID_UPD_COMP_UNITA_DOC;FK_UPD_DATI_SPEC_UPD_COMP_UD;ARO_UPD_COMP_UNITA_DOC
;;;ARO_UPD_DATI_SPEC_UD_OBJECT_STORAGE;;;;;;;ID_UPD_DOC_UNITA_DOC;FK_UPD_DATI_SPEC_DOC_OS_UPD;ARO_UPD_DOC_UNITA_DOC
;;;ARO_UPD_DATI_SPEC_UNITA_DOC;;;;;;;ID_UPD_DOC_UNITA_DOC;FK_UPD_DATI_SPEC_UPD_DOC_UD;ARO_UPD_DOC_UNITA_DOC
;;ARO_USO_XSD_DATI_SPEC;;;;;;;;ID_DOC;FK_USO_XSD_DATI_SPEC_DOC;ARO_DOC
;;;ARO_VALORE_ATTRIB_DATI_SPEC;;;;;;;ID_USO_XSD_DATI_SPEC;FK_VL_DATI_SPEC_USO_XSD;ARO_USO_XSD_DATI_SPEC
;;ARO_VERS_INI_DOC;;;;;;;;ID_DOC;FK_VERS_INI_DOC;ARO_DOC
;;;ARO_VERS_INI_COMP;;;;;;;ID_VERS_INI_DOC;FK_VERS_INI_COMP_VERS_DOC;ARO_VERS_INI_DOC
;;ARO_XML_DOC_OBJECT_STORAGE;;;;;;;;ID_DOC;FK_XML_DOC_OS_DOC;ARO_DOC
;ARO_INDICE_AIP_UD;;;;;;;;;ID_UNITA_DOC;FK_IX_AIP_UD_UNI_DOC;ARO_UNITA_DOC
;;ARO_AIP_RESTITUZIONE_ARCHIVIO;;;;;;;;ID_INDICE_AIP;FK_ID_INDICE_AIP_RA;ARO_INDICE_AIP_UD
;;ARO_VER_INDICE_AIP_UD;;;;;;;;ID_INDICE_AIP;FK_VER_IX_AIP_UD;ARO_INDICE_AIP_UD
;;;ARO_COMP_VER_INDICE_AIP_UD;;;;;;;ID_VER_INDICE_AIP;FK_COMP_VER_IX_AIP_UD_VER;ARO_VER_INDICE_AIP_UD
;;;FAS_CONTEN_VER_AIP_FASCICOLO;;;;;;;ID_VER_INDICE_AIP_UD;FK_CONTEN_VER_AIP_FASC_IX_UD;ARO_VER_INDICE_AIP_UD
;;;ARO_FILE_VER_INDICE_AIP_UD;;;;;;;ID_VER_INDICE_AIP;FK_FILE_VER_IX_AIP_UD;ARO_VER_INDICE_AIP_UD
;;;ARO_NOTA_UNITA_DOC;;;;;;;ID_VER_INDICE_AIP;FK_NOT_IX_AIP_UD;ARO_VER_INDICE_AIP_UD
;;;FAS_UD_AIP_FASCICOLO_DA_ELAB;;;;;;;ID_VER_INDICE_AIP;FK_UD_AIP_FASC_DAELAB_VER_IX;ARO_VER_INDICE_AIP_UD
;;;ARO_UPD_UD_VER_INDICE_AIP_UD;;;;;;;ID_VER_INDICE_AIP;FK_UPD_UD_VER_IX_AIP_UD_VER;ARO_VER_INDICE_AIP_UD
;;;ARO_URN_VER_INDICE_AIP_UD;;;;;;;ID_VER_INDICE_AIP;FK_URN_VER_IX_AIP_UD;ARO_VER_INDICE_AIP_UD
;;;ARO_VER_INDICE_AIP_UD_OBJECT_STORAGE;;;;;;;ID_VER_INDICE_AIP;FK_VER_IX_AIP_UD_ARO_VER_IX_AIP_UD_OBJ_STO;ARO_VER_INDICE_AIP_UD
;ARO_INDICE_AIP_UD_DA_ELAB;;;;;;;;;ID_UNITA_DOC;FK_IX_AIP_UD_DA_ELAB_UNI_DOC;ARO_UNITA_DOC
;;ARO_COMP_INDICE_AIP_DA_ELAB;;;;;;;;ID_INDICE_AIP_DA_ELAB;FK_COMP_IX_AIP_DA_ELAB_IX;ARO_INDICE_AIP_UD_DA_ELAB
;;ARO_UPD_UD_INDICE_AIP_DA_ELAB;;;;;;;;ID_INDICE_AIP_DA_ELAB;FK_UPD_UD_IX_AIP_DA_ELAB_IX;ARO_INDICE_AIP_UD_DA_ELAB
;ARO_ITEM_RICH_ANNUL_VERS;;;;;;;;;ID_UNITA_DOC;FK_ITEM_RICH_ANN_VRS_UD;ARO_UNITA_DOC
;;ARO_ERR_RICH_ANNUL_VERS;;;;;;;;ID_ITEM_RICH_ANNUL_VERS;FK_ERR_RICH_ANN_VRS_ITEM;ARO_ITEM_RICH_ANNUL_VERS
;ARO_LINK_UNITA_DOC;;;;;;;;;ID_UNITA_DOC;FK_LNK_UNI_DOC_UNI_DOC;ARO_UNITA_DOC
;ARO_LINK_UNITA_DOC;;;;;;;;;ID_UNITA_DOC_LINK;FK_LNK_UNI_DOC_UNI_DOC_LINK;ARO_UNITA_DOC
;ARO_NOTA_UNITA_DOC;;;;;;;;;ID_UNITA_DOC;FK_NOT_UD;ARO_UNITA_DOC
;ARO_UD_APPART_VER_SERIE;;;;;;;;;ID_UNITA_DOC;FK_UD_APP_VER_SER_UNI_DOC;ARO_UNITA_DOC
;ARO_UNITA_DOC;;;;;;;;;ID_UNITA_DOC;FK_UD_ANNUL_DA_ELAB_UNI_DOC;ARO_UNITA_DOC
;ARO_UPD_UNITA_DOC;;;;;;;;;ID_UNITA_DOC;FK_UPD_UNITA_DOC;ARO_UNITA_DOC
;;VRS_SES_UPD_UNITA_DOC_KO;;;;;;;;ID_UPD_UNITA_DOC;FK_SES_UPD_UD_KO_UPD_UD;ARO_UPD_UNITA_DOC
;;;VRS_ERR_SES_UPD_UNITA_DOC_KO;;;;;;;ID_SES_UPD_UNITA_DOC_KO;FK_ERR_SES_UPD_UD_KO;VRS_SES_UPD_UNITA_DOC_KO
;;;VRS_XML_SES_UPD_UNITA_DOC_KO;;;;;;;ID_SES_UPD_UD_KO;FK_XML_SES_UPD_UD_KO;VRS_SES_UPD_UNITA_DOC_KO
;;;VRS_XML_SES_UPD_UD_KO_OBJECT_STORAGE;;;;;;;ID_SES_UPD_UNITA_DOC_KO;FK_XML_SES_UPD_UD_VRS_XML_SES_UPD_UD_KO_OBJ_STO;VRS_SES_UPD_UNITA_DOC_KO
;;ARO_UPD_ARCHIV_SEC;;;;;;;;ID_UPD_UNITA_DOC;FK_UPD_ARC_SEC_UPD_UD;ARO_UPD_UNITA_DOC
;;ARO_UPD_DATI_SPEC_UD_OBJECT_STORAGE;;;;;;;;ID_UPD_UNITA_DOC;FK_UPD_DATI_SPEC_UD_OS_UPD;ARO_UPD_UNITA_DOC
;;ARO_UPD_DATI_SPEC_UNITA_DOC;;;;;;;;ID_UPD_UNITA_DOC;FK_UPD_DATI_SPEC_UPD_UD;ARO_UPD_UNITA_DOC
;;ARO_UPD_DOC_UNITA_DOC;;;;;;;;ID_UPD_UNITA_DOC;FK_UPD_DOC_UD_UPD_UD;ARO_UPD_UNITA_DOC
;;;ARO_UPD_COMP_UNITA_DOC;;;;;;;ID_UPD_DOC_UNITA_DOC;FK_UPD_COMP_UPD_DOC_UD;ARO_UPD_DOC_UNITA_DOC
;;;;ARO_UPD_DATI_SPEC_UNITA_DOC;;;;;;ID_UPD_COMP_UNITA_DOC;FK_UPD_DATI_SPEC_UPD_COMP_UD;ARO_UPD_COMP_UNITA_DOC
;;;ARO_UPD_DATI_SPEC_UD_OBJECT_STORAGE;;;;;;;ID_UPD_DOC_UNITA_DOC;FK_UPD_DATI_SPEC_DOC_OS_UPD;ARO_UPD_DOC_UNITA_DOC
;;;ARO_UPD_DATI_SPEC_UNITA_DOC;;;;;;;ID_UPD_DOC_UNITA_DOC;FK_UPD_DATI_SPEC_UPD_DOC_UD;ARO_UPD_DOC_UNITA_DOC
;;ARO_UPD_LINK_UNITA_DOC;;;;;;;;ID_UPD_UNITA_DOC;FK_UPD_LNK_UD_UPD_UD;ARO_UPD_UNITA_DOC
;;ELV_UPD_UD_DA_ELAB_ELENCO;;;;;;;;ID_UPD_UNITA_DOC;FK_UPD_UD_DAELB_ELE_UPD_UD;ARO_UPD_UNITA_DOC
;;ARO_UPD_UD_INDICE_AIP_DA_ELAB;;;;;;;;ID_UPD_UNITA_DOC;FK_UPD_UD_IX_AIP_DA_ELAB_UPD;ARO_UPD_UNITA_DOC
;;ARO_UPD_UD_VER_INDICE_AIP_UD;;;;;;;;ID_UPD_UNITA_DOC;FK_UPD_UD_VER_IX_AIP_UD_UPD;ARO_UPD_UNITA_DOC
;;ARO_WARN_UPD_UNITA_DOC;;;;;;;;ID_UPD_UNITA_DOC;FK_WARN_UPD_UD;ARO_UPD_UNITA_DOC
;;ARO_XML_UPD_UNITA_DOC;;;;;;;;ID_UPD_UNITA_DOC;FK_XML_UPD_UD;ARO_UPD_UNITA_DOC
;;ARO_XML_UPD_UD_OBJECT_STORAGE;;;;;;;;ID_UPD_UNITA_DOC;FK_XML_UPD_UD_OS_UPD;ARO_UPD_UNITA_DOC
;ARO_USO_XSD_DATI_SPEC;;;;;;;;;ID_UNITA_DOC;FK_USO_XSD_DATI_SPEC_UNI_DOC;ARO_UNITA_DOC
;;ARO_VALORE_ATTRIB_DATI_SPEC;;;;;;;;ID_USO_XSD_DATI_SPEC;FK_VL_DATI_SPEC_USO_XSD;ARO_USO_XSD_DATI_SPEC
;ARO_VERS_INI_UNITA_DOC;;;;;;;;;ID_UNITA_DOC;FK_VERS_INI_UD_UNI_DOC;ARO_UNITA_DOC
;;ARO_VERS_INI_ARCHIV_SEC;;;;;;;;ID_VERS_INI_UNITA_DOC;FK_VERS_INI_ARC_SEC_VERS_UD;ARO_VERS_INI_UNITA_DOC
;;ARO_VERS_INI_DOC;;;;;;;;ID_VERS_INI_UNITA_DOC;FK_VERS_INI_DOC_VERS_UD;ARO_VERS_INI_UNITA_DOC
;;;ARO_VERS_INI_COMP;;;;;;;ID_VERS_INI_DOC;FK_VERS_INI_COMP_VERS_DOC;ARO_VERS_INI_DOC
;;ARO_VERS_INI_LINK_UNITA_DOC;;;;;;;;ID_VERS_INI_UNITA_DOC;FK_VERS_INI_LNK_UD_VERS_UD;ARO_VERS_INI_UNITA_DOC
;ARO_WARN_UNITA_DOC;;;;;;;;;ID_UNITA_DOC;FK_ARO_WARN_UNI_DOC;ARO_UNITA_DOC
;ARO_XML_UNITA_DOC_OBJECT_STORAGE;;;;;;;;;ID_UNITA_DOC;FK_XML_UD_OS_UD;ARO_UNITA_DOC
;ELV_ELENCO_VERS_UD_ANNUL;;;;;;;;;ID_UNITA_DOC;FK_ELE_VRS_UD_ANN_UNI_DOC;ARO_UNITA_DOC
;ELV_UD_VERS_DA_ELAB_ELENCO;;;;;;;;;ID_UNITA_DOC;FK_UD_VERS_DAELB_ELE_UNI_DOC;ARO_UNITA_DOC
;FAS_FASCICOLO;;;;;;;;;ID_UNITA_DOC_LAST;FK_FASC_UNI_DOC_LAST;ARO_UNITA_DOC
;;FAS_VER_AIP_FASCICOLO;;;;;;;;ID_FASCICOLO;FAS_VER_AIP_FASCICOLO;FAS_FASCICOLO
;;;FAS_CONTEN_VER_AIP_FASCICOLO;;;;;;;ID_VER_AIP_FASCICOLO_FIGLIO;FK_CONTEN_VER_AIP_FASC_FIGLIO;FAS_VER_AIP_FASCICOLO
;;;FAS_CONTEN_VER_AIP_FASCICOLO;;;;;;;ID_VER_AIP_FASCICOLO;FK_CONTEN_VER_AIP_FASC_VER_AIP;FAS_VER_AIP_FASCICOLO
;;;FAS_META_VER_AIP_FASCICOLO;;;;;;;ID_VER_AIP_FASCICOLO;FK_META_VER_AIP_FASC_VER_AIP;FAS_VER_AIP_FASCICOLO
;;;;FAS_FILE_META_VER_AIP_FASC;;;;;;ID_META_VER_AIP_FASCICOLO;FK_FILE_META_VER_AIP_FASC_ITEM;FAS_META_VER_AIP_FASCICOLO
;;;;FAS_XSD_META_VER_AIP_FASC;;;;;;ID_META_VER_AIP_FASCICOLO;FK_XSD_META_VER_AIP_FASC_META;FAS_META_VER_AIP_FASCICOLO
;;;FAS_SIP_VER_AIP_FASCICOLO;;;;;;;ID_VER_AIP_FASCICOLO;FK_SIP_VER_AIP_FASC_VER_AIP;FAS_VER_AIP_FASCICOLO
;;;FAS_FILE_META_VER_AIP_FASC_OBJECT_STORAGE;;;;;;;ID_VER_AIP_FASCICOLO;FK_VER_AIP_FASC_FAS_VER_AIP_FASC_OBJ_STO;FAS_VER_AIP_FASCICOLO
;;FAS_AIP_FASCICOLO_DA_ELAB;;;;;;;;ID_FASCICOLO;FK_AIP_FASC_DAELAB_FASC;FAS_FASCICOLO
;;;FAS_UD_AIP_FASCICOLO_DA_ELAB;;;;;;;ID_AIP_FASCICOLO_DA_ELAB;FK_UD_AIP_FASC_DAELAB_AIP_FASC;FAS_AIP_FASCICOLO_DA_ELAB
;;FAS_AMMIN_PARTEC;;;;;;;;ID_FASCICOLO;FK_AMN_PART_FASC;FAS_FASCICOLO
;;ELV_ELENCO_VERS_FASC_ANNUL;;;;;;;;ID_FASCICOLO;FK_ELE_VRS_FASC_ANN_FASC;FAS_FASCICOLO
;;FAS_STATO_FASCICOLO_ELENCO;;;;;;;;ID_FASCICOLO;FK_ELV_STATO_FASC_ELE;FAS_FASCICOLO
;;FAS_EVENTO_FASCICOLO;;;;;;;;ID_FASCICOLO;FK_FAS_EVENTO_FAS;FAS_FASCICOLO
;;ELV_FASC_DA_ELAB_ELENCO;;;;;;;;ID_FASCICOLO;FK_FASC_DAELB_ELE_FASC;FAS_FASCICOLO
;;FAS_FASCICOLO;;;;;;;;ID_FASCICOLO_PADRE;FK_FASC_PADRE;FAS_FASCICOLO
;;ARO_ITEM_RICH_ANNUL_VERS;;;;;;;;ID_FASCICOLO;FK_ITEM_RICH_ANN_VRS_FASC;FAS_FASCICOLO
;;;ARO_ERR_RICH_ANNUL_VERS;;;;;;;ID_ITEM_RICH_ANNUL_VERS;FK_ERR_RICH_ANN_VRS_ITEM;ARO_ITEM_RICH_ANNUL_VERS
;;FAS_LINK_FASCICOLO;;;;;;;;ID_FASCICOLO_LINK;FK_LINK_FASC_ARRIVO;FAS_FASCICOLO
;;FAS_LINK_FASCICOLO;;;;;;;;ID_FASCICOLO;FK_LINK_FASC_PARTENZA;FAS_FASCICOLO
;;FAS_RESP_FASCICOLO;;;;;;;;ID_FASCICOLO;FK_RESP_FASC;FAS_FASCICOLO
;;VRS_SES_FASCICOLO_KO;;;;;;;;ID_FASCICOLO;FK_SES_FASC_KO_FASC;FAS_FASCICOLO
;;;VRS_ERR_SES_FASCICOLO_KO;;;;;;;ID_SES_FASCICOLO_KO;FK_ERR_SES_FASC_KO;VRS_SES_FASCICOLO_KO
;;;VRS_XML_SES_FASCICOLO_KO;;;;;;;ID_SES_FASCICOLO_KO;FK_XML_SES_FASC_KO_NP;VRS_SES_FASCICOLO_KO
;;;VRS_XML_SES_FASC_KO_OBJECT_STORAGE;;;;;;;ID_SES_FASCICOLO_KO;FK_XML_SES_FASC_VRS_XML_SES_FASC_KO_OBJ_STO;VRS_SES_FASCICOLO_KO
;;ARO_FIRMA_COMP;;;;;;;;ID_FASCICOLO;FK_SOG_FASC;FAS_FASCICOLO
;;;FAS_COD_IDE_SOG;;;;;;;ID_SOG_FASCICOLO;FK_FAS_COD_IDE_SOG_SOG_FASC;FAS_SOG_FASCICOLO
;;;FAS_EVENTO_SOG;;;;;;;ID_SOG_FASCICOLO;FK_FAS_EVENTO_SOG;FAS_SOG_FASCICOLO
;;;FAS_IND_RIF_SOG;;;;;;;ID_SOG_FASCICOLO;FK_FAS_IND_RIF_SOG_FASC;FAS_SOG_FASCICOLO
;;FAS_STATO_CONSERV_FASCICOLO;;;;;;;;ID_FASCICOLO;FK_STATO_CONS_FASC;FAS_FASCICOLO
;;FAS_UNITA_DOC_FASCICOLO;;;;;;;;ID_FASCICOLO;FK_UD_FASC;FAS_FASCICOLO
;;FAS_UNI_ORG_RESP_FASCICOLO;;;;;;;;ID_FASCICOLO;FK_UNI_ORG_RESP_FASC;FAS_FASCICOLO
;;FAS_VALORE_ATTRIB_FASCICOLO;;;;;;;;ID_FASCICOLO;FK_VL_ATTB_FASC_ID;FAS_FASCICOLO
;;FAS_VOCE_CLASSIF;;;;;;;;ID_FASCICOLO;FK_VOCE_CLA_FASC;FAS_FASCICOLO
;;FAS_WARN_FASCICOLO;;;;;;;;ID_FASCICOLO;FK_WARN_FASC;FAS_FASCICOLO
;;FAS_XML_VERS_FASCICOLO;;;;;;;;ID_FASCICOLO;FK_XML_FASC;FAS_FASCICOLO
;;;FAS_SIP_VER_AIP_FASCICOLO;;;;;;;ID_XML_VERS_FASCICOLO_RICH;FK_SIP_VER_AIP_FASC_VERS_RICH;FAS_XML_VERS_FASCICOLO
;;;FAS_SIP_VER_AIP_FASCICOLO;;;;;;;ID_XML_VERS_FASCICOLO_RISP;FK_SIP_VER_AIP_FASC_VERS_RISP;FAS_XML_VERS_FASCICOLO
;;FAS_XML_FASC_OBJECT_STORAGE;;;;;;;;ID_FASCICOLO;FK_XML_FASC_OS_FASC;FAS_FASCICOLO
;;FAS_XML_FASCICOLO;;;;;;;;ID_FASCICOLO;FK_XML_SPEC_FASC;FAS_FASCICOLO
;;FAS_XML_VERS_FASC_OBJECT_STORAGE;;;;;;;;ID_FASCICOLO;FK_XML_VERS_FASC_OS_FASC;FAS_FASCICOLO
;FAS_FASCICOLO;;;;;;;;;ID_UNITA_DOC_FIRST;FK_FASC_UNI_DOC_FIRST;ARO_UNITA_DOC
;;FAS_VER_AIP_FASCICOLO;;;;;;;;ID_FASCICOLO;FAS_VER_AIP_FASCICOLO;FAS_FASCICOLO
;;;FAS_CONTEN_VER_AIP_FASCICOLO;;;;;;;ID_VER_AIP_FASCICOLO_FIGLIO;FK_CONTEN_VER_AIP_FASC_FIGLIO;FAS_VER_AIP_FASCICOLO
;;;FAS_CONTEN_VER_AIP_FASCICOLO;;;;;;;ID_VER_AIP_FASCICOLO;FK_CONTEN_VER_AIP_FASC_VER_AIP;FAS_VER_AIP_FASCICOLO
;;;FAS_META_VER_AIP_FASCICOLO;;;;;;;ID_VER_AIP_FASCICOLO;FK_META_VER_AIP_FASC_VER_AIP;FAS_VER_AIP_FASCICOLO
;;;;FAS_FILE_META_VER_AIP_FASC;;;;;;ID_META_VER_AIP_FASCICOLO;FK_FILE_META_VER_AIP_FASC_ITEM;FAS_META_VER_AIP_FASCICOLO
;;;;FAS_XSD_META_VER_AIP_FASC;;;;;;ID_META_VER_AIP_FASCICOLO;FK_XSD_META_VER_AIP_FASC_META;FAS_META_VER_AIP_FASCICOLO
;;;FAS_SIP_VER_AIP_FASCICOLO;;;;;;;ID_VER_AIP_FASCICOLO;FK_SIP_VER_AIP_FASC_VER_AIP;FAS_VER_AIP_FASCICOLO
;;;FAS_FILE_META_VER_AIP_FASC_OBJECT_STORAGE;;;;;;;ID_VER_AIP_FASCICOLO;FK_VER_AIP_FASC_FAS_VER_AIP_FASC_OBJ_STO;FAS_VER_AIP_FASCICOLO
;;FAS_AIP_FASCICOLO_DA_ELAB;;;;;;;;ID_FASCICOLO;FK_AIP_FASC_DAELAB_FASC;FAS_FASCICOLO
;;;FAS_UD_AIP_FASCICOLO_DA_ELAB;;;;;;;ID_AIP_FASCICOLO_DA_ELAB;FK_UD_AIP_FASC_DAELAB_AIP_FASC;FAS_AIP_FASCICOLO_DA_ELAB
;;FAS_AMMIN_PARTEC;;;;;;;;ID_FASCICOLO;FK_AMN_PART_FASC;FAS_FASCICOLO
;;ELV_ELENCO_VERS_FASC_ANNUL;;;;;;;;ID_FASCICOLO;FK_ELE_VRS_FASC_ANN_FASC;FAS_FASCICOLO
;;FAS_STATO_FASCICOLO_ELENCO;;;;;;;;ID_FASCICOLO;FK_ELV_STATO_FASC_ELE;FAS_FASCICOLO
;;FAS_EVENTO_FASCICOLO;;;;;;;;ID_FASCICOLO;FK_FAS_EVENTO_FAS;FAS_FASCICOLO
;;ELV_FASC_DA_ELAB_ELENCO;;;;;;;;ID_FASCICOLO;FK_FASC_DAELB_ELE_FASC;FAS_FASCICOLO
;;FAS_FASCICOLO;;;;;;;;ID_FASCICOLO_PADRE;FK_FASC_PADRE;FAS_FASCICOLO
;;ARO_ITEM_RICH_ANNUL_VERS;;;;;;;;ID_FASCICOLO;FK_ITEM_RICH_ANN_VRS_FASC;FAS_FASCICOLO
;;;ARO_ERR_RICH_ANNUL_VERS;;;;;;;ID_ITEM_RICH_ANNUL_VERS;FK_ERR_RICH_ANN_VRS_ITEM;ARO_ITEM_RICH_ANNUL_VERS
;;FAS_LINK_FASCICOLO;;;;;;;;ID_FASCICOLO_LINK;FK_LINK_FASC_ARRIVO;FAS_FASCICOLO
;;FAS_LINK_FASCICOLO;;;;;;;;ID_FASCICOLO;FK_LINK_FASC_PARTENZA;FAS_FASCICOLO
;;FAS_RESP_FASCICOLO;;;;;;;;ID_FASCICOLO;FK_RESP_FASC;FAS_FASCICOLO
;;VRS_SES_FASCICOLO_KO;;;;;;;;ID_FASCICOLO;FK_SES_FASC_KO_FASC;FAS_FASCICOLO
;;;VRS_ERR_SES_FASCICOLO_KO;;;;;;;ID_SES_FASCICOLO_KO;FK_ERR_SES_FASC_KO;VRS_SES_FASCICOLO_KO
;;;VRS_XML_SES_FASCICOLO_KO;;;;;;;ID_SES_FASCICOLO_KO;FK_XML_SES_FASC_KO_NP;VRS_SES_FASCICOLO_KO
;;;VRS_XML_SES_FASC_KO_OBJECT_STORAGE;;;;;;;ID_SES_FASCICOLO_KO;FK_XML_SES_FASC_VRS_XML_SES_FASC_KO_OBJ_STO;VRS_SES_FASCICOLO_KO
;;FAS_SOG_FASCICOLO;;;;;;;;ID_FASCICOLO;FK_SOG_FASC;FAS_FASCICOLO
;;;FAS_COD_IDE_SOG;;;;;;;ID_SOG_FASCICOLO;FK_FAS_COD_IDE_SOG_SOG_FASC;FAS_SOG_FASCICOLO
;;;FAS_EVENTO_SOG;;;;;;;ID_SOG_FASCICOLO;FK_FAS_EVENTO_SOG;FAS_SOG_FASCICOLO
;;;FAS_IND_RIF_SOG;;;;;;;ID_SOG_FASCICOLO;FK_FAS_IND_RIF_SOG_FASC;FAS_SOG_FASCICOLO
;;FAS_STATO_CONSERV_FASCICOLO;;;;;;;;ID_FASCICOLO;FK_STATO_CONS_FASC;FAS_FASCICOLO
;;FAS_UNITA_DOC_FASCICOLO;;;;;;;;ID_FASCICOLO;FK_UD_FASC;FAS_FASCICOLO
;;FAS_UNI_ORG_RESP_FASCICOLO;;;;;;;;ID_FASCICOLO;FK_UNI_ORG_RESP_FASC;FAS_FASCICOLO
;;FAS_VALORE_ATTRIB_FASCICOLO;;;;;;;;ID_FASCICOLO;FK_VL_ATTB_FASC_ID;FAS_FASCICOLO
;;FAS_VOCE_CLASSIF;;;;;;;;ID_FASCICOLO;FK_VOCE_CLA_FASC;FAS_FASCICOLO
;;FAS_WARN_FASCICOLO;;;;;;;;ID_FASCICOLO;FK_WARN_FASC;FAS_FASCICOLO
;;FAS_XML_VERS_FASCICOLO;;;;;;;;ID_FASCICOLO;FK_XML_FASC;FAS_FASCICOLO
;;;FAS_SIP_VER_AIP_FASCICOLO;;;;;;;ID_XML_VERS_FASCICOLO_RICH;FK_SIP_VER_AIP_FASC_VERS_RICH;FAS_XML_VERS_FASCICOLO
;;;FAS_SIP_VER_AIP_FASCICOLO;;;;;;;ID_XML_VERS_FASCICOLO_RISP;FK_SIP_VER_AIP_FASC_VERS_RISP;FAS_XML_VERS_FASCICOLO
;;FAS_XML_FASC_OBJECT_STORAGE;;;;;;;;ID_FASCICOLO;FK_XML_FASC_OS_FASC;FAS_FASCICOLO
;;FAS_XML_FASCICOLO;;;;;;;;ID_FASCICOLO;FK_XML_SPEC_FASC;FAS_FASCICOLO
;;FAS_XML_VERS_FASC_OBJECT_STORAGE;;;;;;;;ID_FASCICOLO;FK_XML_VERS_FASC_OS_FASC;FAS_FASCICOLO
;FAS_UNITA_DOC_FASCICOLO;;;;;;;;;ID_UNITA_DOC;FK_UD_FASC_UNI_DOC;ARO_UNITA_DOC
;REC_UNITA_DOC_RECUP;;;;;;;;;ID_UNITA_DOC;FK_UNI_DOC_REC_UNI_DOC;ARO_UNITA_DOC
;;REC_SESSIONE_RECUP;;;;;;;;ID_UNITA_DOC_RECUP;FK_SES_REC_UNI_DOC_REC;REC_UNITA_DOC_RECUP
;;;REC_DT_VERS_RECUP;;;;;;;ID_SESSIONE_RECUP;FK_DT_VERS_REC_SES_REC;REC_SESSIONE_RECUP
;;;SEQ_UD_APPART_SEQUESTRO;;;;;;;ID_SESSIONE_RECUP;FK_UD_APP_SEQ_SES_REC;REC_SESSIONE_RECUP
;SEQ_DOC_PROVVED_SEQUESTRO;;;;;;;;;ID_UNITA_DOC;FK_DOC_PROV_SEQ_UNI_DOC;ARO_UNITA_DOC
;SEQ_UD_APPART_SEQUESTRO;;;;;;;;;ID_UNITA_DOC;FK_UD_APP_SEQ_UNI_DOC;ARO_UNITA_DOC
;SER_UD_ERR_FILE_INPUT;;;;;;;;;ID_UNITA_DOC;FK_UD_ERR_FILE_INP_UNI_DOC;ARO_UNITA_DOC
;TMP_UNITA_DOC_DA_RIELAB_ERR;;;;;;;;;ID_UNITA_DOC;FK_UD_DA_RIELAB_ERR_UNI_DOC;ARO_UNITA_DOC
;VOL_APPART_UNITA_DOC_VOLUME;;;;;;;;;ID_UNITA_DOC;FK_APP_UNI_DOC_VOL_UNI_DOC;ARO_UNITA_DOC
;;VOL_APPART_DOC_VOLUME;;;;;;;;ID_APPART_UNITA_DOC_VOLUME;FK_APP_DOC_VOL_APP_UNI_DOC;VOL_APPART_UNITA_DOC_VOLUME
;;;VOL_APPART_COMP_VOLUME;;;;;;;ID_APPART_DOC_VOLUME;FK_APP_COMP_VOL_APP_DOC_VOL;VOL_APPART_DOC_VOLUME
;;;;VOL_APPART_FIRMA_VOLUME;;;;;;ID_APPART_COMP_VOLUME;FK_APP_FIR_VOL_APP_FIL_VOL;VOL_APPART_COMP_VOLUME
;;;;;VOL_VERIF_FIRMA_VOLUME;;;;;ID_APPART_FIRMA_VOLUME;FK_VER_FIR_VOL_APP_FIR_VOL;VOL_APPART_FIRMA_VOLUME
;;;;;;VOL_CONTR_VERIF_FIRMA_VOLUME;;;;ID_VERIF_FIRMA_VOLUME;FK_CTR_VER_FIR_VOL_VER_FIR_VOL;VOL_VERIF_FIRMA_VOLUME
;VOL_VOLUME_VERS_UD_ANNUL;;;;;;;;;ID_UNITA_DOC;FK_ELE_VRS_UD_ANN_UNI_DOCV1;ARO_UNITA_DOC
;VRS_SESSIONE_VERS;;;;;;;;;ID_UNITA_DOC;FK_SES_VRS_UNI_DOC;ARO_UNITA_DOC
;;VRS_DATI_SESSIONE_VERS;;;;;;;;ID_SESSIONE_VERS;FK_DAT_SES_VRS_SES_VRS;VRS_SESSIONE_VERS
;;;VRS_XML_DATI_SES_OBJECT_STORAGE;;;;;;;ID_DATI_SESSIONE_VERS;FK_DAT_SES_VRS_XML_DATI_SES_OBJ_STO;VRS_DATI_SESSIONE_VERS
;;;VRS_ERR_SESSIONE_VERS;;;;;;;ID_DATI_SESSIONE_VERS;FK_ERR_SES_VRS_DAT_SES_VRS;VRS_DATI_SESSIONE_VERS
;;;VRS_FILE_SESSIONE_DA_DROPPARE;;;;;;;ID_DATI_SESSIONE_VERS;FK_FIL_SES_DAT_SES_VRS;VRS_DATI_SESSIONE_VERS
;;;;VRS_FILE_SES_OBJECT_STORAGE;;;;;;ID_FILE_SESSIONE;FK_SES_OBJ_STO_FILE_SES;VRS_FILE_SESSIONE_DA_DROPPARE
;;;VRS_XML_MODELLO_SESSIONE_VERS;;;;;;;ID_DATI_SESSIONE_VERS;FK_VRS_XML_DAT_SES_VRS;VRS_DATI_SESSIONE_VERS
;;;VRS_XML_DATI_SESSIONE_VERS;;;;;;;ID_DATI_SESSIONE_VERS;FK_XML_DAT_SES_VRS;VRS_DATI_SESSIONE_VERS
;;;;VRS_URN_XML_SESSIONE_VERS;;;;;;ID_XML_DATI_SESSIONE_VERS;FK_URN_XML_SES_VRS;VRS_XML_DATI_SESSIONE_VERS
;;VRS_SESSIONE_VERS_SOSP_DA_DROPPARE;;;;;;;;ID_SESSIONE_VERS;FK_SES_VRS_SOSP_SES_VRS;VRS_SESSIONE_VERS
;VRS_SESSIONE_VERS_KO;;;;;;;;;ID_UNITA_DOC;FK_SES_VRS_UNI_DOC_KO;ARO_UNITA_DOC
;;VRS_DATI_SESSIONE_VERS_KO;;;;;;;;ID_SESSIONE_VERS_KO;FK_SESSIONE_VERS_KO;VRS_SESSIONE_VERS_KO
;;;VRS_XML_DATI_SES_OBJECT_STORAGE_KO;;;;;;;ID_DATI_SESSIONE_VERS_KO;FK_DAT_SES_VRS_XML_DATI_SES_OBJ_STO_KO;VRS_DATI_SESSIONE_VERS_KO
;;;VRS_FILE_SESSIONE_KO;;;;;;;ID_DATI_SESSIONE_VERS_KO;FK_ID_DATI_SESSIONE_VERS_KO;VRS_DATI_SESSIONE_VERS_KO
;;;;VRS_CONTENUTO_FILE_KO;;;;;;ID_FILE_SESSIONE_KO;FK_CONTENUTO_FILE_VRS_KO;VRS_FILE_SESSIONE_KO
;;;;VRS_FILE_SES_OBJECT_STORAGE_KO;;;;;;ID_FILE_SESSIONE_KO;FK_FILE_OBJ_STO_VRS_KO;VRS_FILE_SESSIONE_KO
;;;VRS_ERR_SESSIONE_VERS_KO;;;;;;;ID_DATI_SESSIONE_VERS_KO;FK_VRS_ERR_SESSIONE_VERS_KO;VRS_DATI_SESSIONE_VERS_KO
;;;VRS_XML_DATI_SESSIONE_VERS_KO;;;;;;;ID_DATI_SESSIONE_VERS_KO;FK_VRS_XML_DATI_SESSIONE_VERS_KO;VRS_DATI_SESSIONE_VERS_KO
;;;;VRS_URN_XML_SESSIONE_VERS_KO;;;;;;ID_XML_DATI_SESSIONE_VERS_KO;FK_URN_XML_SES_VRS_KO;VRS_XML_DATI_SESSIONE_VERS_KO
